quartile,lb,ub,effect
1,-8.599085307,-2.610423644,-5.652253601
2,-6.606104354,0.651845324,-3.045025921
3,-2.400820562,5.955107048,1.691354132
4,5.922795668,20.76628948,13.10128967