quartile,lb,ub,effect
1,-6.674686317,0.792292154,-3.013035198
2,-6.315506372,3.234147608,-1.656526176
3,0.181714902,10.96126606,5.433295835
4,4.050003449,17.34717937,10.49874749